-- Перенос данных с живого MySQL (ntrip.host, база u3523560_gisdata) в PostgreSQL.
-- Запускать ПОСЛЕ sql/schema.sql, один раз, на новой Postgres-базе.
-- Источник: экспорт phpMyAdmin от 2026-06-22.
--
-- Порядок вставки учитывает внешние ключи: users_sync/admins/stations —
-- сначала, затем pg_connections/subscriptions/tours/station_status/station_log.
-- В конце — синхронизация сиквенсов (id вставлены явно, без них следующий
-- INSERT из приложения попытался бы использовать уже занятый id).
--
-- ВАЖНО: в pg_connections.host сейчас значение 'http://mtccom.ru' — это
-- ошибка ввода через форму (PDO/libpq host не принимает схему http://).
-- После миграции зайдите в "Подключения БД" и поправьте на 'mtccom.ru'.

BEGIN;

-- ---------------------------------------------------------------------------
-- users_sync (332 строки, источник истины — mdb, синхронизируется отдельно
-- через bin/sync_mdb_users.php; переносим как снимок на момент миграции)
-- ---------------------------------------------------------------------------
INSERT INTO users_sync (id, user_name, gl_name, user_password, user_time, puser_time, scope_name, mount_name, device_type, sn, email, contact_person, telephone, is_active, synced_at) VALUES
(10, 'Svetlakov', NULL, 'i90', 57357, 0, NULL, NULL, NULL, NULL, NULL, NULL, NULL, 1, '2026-06-20 14:56:46'),
(11, 'grx2', NULL, '1302', 33272, 0, NULL, NULL, NULL, NULL, NULL, NULL, NULL, 1, '2026-06-20 14:56:46'),
(12, 'btikr', NULL, 'btikr', 2250459, 0, NULL, NULL, NULL, NULL, NULL, NULL, NULL, 1, '2026-06-20 14:56:46'),
(13, 'mmgk', NULL, 'reft', 94549, 0, NULL, NULL, NULL, NULL, NULL, NULL, NULL, 1, '2026-06-20 14:56:46'),
(15, 'linia', NULL, 'linia', 3575883, 0, NULL, NULL, NULL, NULL, NULL, NULL, NULL, 1, '2026-06-20 14:56:46'),
(16, 'Andrey', NULL, 'Andrey', 666439, 0, NULL, NULL, NULL, NULL, NULL, NULL, NULL, 1, '2026-06-20 14:56:46'),
(17, 'kadzarechnyi', NULL, 'r1', 2174322, 0, NULL, NULL, NULL, NULL, NULL, NULL, NULL, 1, '2026-06-20 14:56:46'),
(18, 'mlubich', NULL, '6866867', 59371, 0, NULL, NULL, NULL, 'G992C707018265201', NULL, NULL, NULL, 1, '2026-06-20 14:56:46'),
(19, 'inan1', NULL, '00936', 188299, 0, NULL, NULL, NULL, NULL, NULL, NULL, NULL, 1, '2026-06-20 14:56:46'),
(20, 'stroyiz', NULL, 'g7', 2417685, 0, NULL, NULL, NULL, NULL, NULL, NULL, NULL, 1, '2026-06-20 14:56:46'),
(21, 'agp', NULL, '0775', 1150173, 0, NULL, NULL, NULL, NULL, NULL, NULL, NULL, 1, '2026-06-20 14:56:46'),
(22, 'laptev', NULL, '3557870', 1610107, 0, NULL, NULL, NULL, NULL, NULL, NULL, NULL, 1, '2026-06-20 14:56:46'),
(23, 'molt', NULL, 'molt', 4259605, 0, NULL, NULL, NULL, NULL, NULL, NULL, NULL, 1, '2026-06-20 14:56:46'),
(24, 'tzk', NULL, 'g6g1', 1527405, 0, NULL, NULL, NULL, NULL, NULL, NULL, NULL, 1, '2026-06-20 14:56:46'),
(25, 'kirill', NULL, '9475', 845607, 0, NULL, NULL, NULL, NULL, NULL, NULL, NULL, 1, '2026-06-20 14:56:46'),
(26, 'bisert', NULL, '4249', 1519003, 0, NULL, NULL, NULL, NULL, NULL, NULL, NULL, 1, '2026-06-20 14:56:46'),
(27, 'E200', NULL, '0971', 1487461, 0, NULL, NULL, NULL, NULL, NULL, NULL, NULL, 1, '2026-06-20 14:56:46'),
(28, 'volkov', NULL, 'volkov', 1828319, 0, NULL, NULL, NULL, NULL, NULL, NULL, NULL, 1, '2026-06-20 14:56:46'),
(29, 'test', NULL, 'test1', 650989, 0, NULL, NULL, NULL, NULL, NULL, NULL, NULL, 1, '2026-06-20 14:56:46'),
(30, 'dima', NULL, '340025', 1706722, 0, NULL, NULL, NULL, NULL, NULL, NULL, NULL, 1, '2026-06-20 14:56:46'),
(31, 'chirkov', NULL, 'g3', 422006, 0, NULL, NULL, NULL, NULL, NULL, NULL, NULL, 1, '2026-06-20 14:56:46'),
(32, 'kour1', NULL, 'kour', 257675, 0, NULL, NULL, NULL, NULL, NULL, NULL, NULL, 1, '2026-06-20 14:56:46'),
(33, 'perin', NULL, 'sg1', 2303806, 0, NULL, NULL, NULL, NULL, NULL, NULL, NULL, 1, '2026-06-20 14:56:46'),
(34, 'tur1', NULL, 'sdi', 588998, 0, NULL, NULL, NULL, 'A80861923032884711', NULL, NULL, NULL, 1, '2026-06-20 14:56:46'),
(35, 'elseti', NULL, '1225', 1001166, 0, NULL, NULL, NULL, NULL, NULL, NULL, NULL, 1, '2026-06-20 14:56:46'),
(36, 'reft1', NULL, 'i301', 1220296, 0, NULL, NULL, NULL, NULL, NULL, NULL, NULL, 1, '2026-06-20 14:56:46'),
(37, 'basis', NULL, '680', 1645729, 0, NULL, NULL, NULL, NULL, NULL, NULL, NULL, 1, '2026-06-20 14:56:46'),
(38, 'geokompleks1', NULL, 'g1', 1857231, 0, NULL, NULL, NULL, NULL, NULL, NULL, NULL, 1, '2026-06-20 14:56:46'),
(39, 'geokompleks', NULL, 'slam', 2451603, 0, NULL, NULL, NULL, NULL, NULL, NULL, NULL, 1, '2026-06-20 14:56:46'),
(40, 'rosteh1', NULL, '1015', 6856309, 0, NULL, NULL, NULL, NULL, NULL, NULL, NULL, 1, '2026-06-20 14:56:46'),
(41, 'gorod', NULL, 's681', 659329, 0, NULL, NULL, NULL, NULL, NULL, NULL, NULL, 1, '2026-06-20 14:56:46'),
(42, 'modul', NULL, '846572', 2054241, 0, NULL, NULL, NULL, NULL, NULL, NULL, NULL, 1, '2026-06-20 14:56:46'),
(43, 'egs', NULL, '3557826', 783591, 0, NULL, NULL, NULL, NULL, NULL, NULL, NULL, 1, '2026-06-20 14:56:46'),
(44, 'alina', NULL, 't2', 249902, 0, NULL, NULL, NULL, NULL, NULL, NULL, NULL, 1, '2026-06-20 14:56:46'),
(45, 'btivostok', NULL, '3418379', 193404, 0, NULL, NULL, NULL, NULL, NULL, NULL, NULL, 1, '2026-06-20 14:56:46'),
(46, 'meridian', NULL, 'f6', 1016293, 0, NULL, NULL, NULL, NULL, NULL, NULL, NULL, 1, '2026-06-20 14:56:46'),
(47, 'rosteh2', NULL, '1518', 2737664, 0, NULL, NULL, NULL, NULL, NULL, NULL, NULL, 1, '2026-06-20 14:56:46'),
(48, 'lukashov', NULL, 'p911', 598473, 0, NULL, NULL, NULL, NULL, NULL, NULL, NULL, 1, '2026-06-20 14:56:46'),
(49, 'btimrb', NULL, '01179', 293612, 0, NULL, NULL, NULL, NULL, NULL, NULL, NULL, 1, '2026-06-20 14:56:46'),
(50, 'Revda', NULL, '44466', 1880414, 0, NULL, NULL, NULL, NULL, NULL, NULL, NULL, 1, '2026-06-20 14:56:46'),
(51, 'kotg1', NULL, 'kotg1', 410415, 0, NULL, NULL, NULL, NULL, NULL, NULL, NULL, 1, '2026-06-20 14:56:46'),
(52, 'suslov', NULL, '08012', 2155050, 0, NULL, NULL, NULL, NULL, NULL, NULL, NULL, 1, '2026-06-20 14:56:46'),
(53, 'geoinkart', NULL, '9042323', 609997, 0, NULL, NULL, NULL, NULL, NULL, NULL, NULL, 1, '2026-06-20 14:56:46'),
(54, 'i801', NULL, '888', 1796747, 0, NULL, NULL, NULL, NULL, NULL, NULL, NULL, 1, '2026-06-20 14:56:46'),
(55, 'i802', NULL, '802', 810838, 0, NULL, NULL, NULL, NULL, NULL, NULL, NULL, 1, '2026-06-20 14:56:46'),
(56, 'i803', NULL, '4180481', 735014, 0, NULL, NULL, NULL, NULL, NULL, NULL, NULL, 1, '2026-06-20 14:56:46'),
(57, 'grard', NULL, 'g3', 0, 0, NULL, NULL, NULL, NULL, NULL, NULL, NULL, 0, '2026-06-20 14:56:46'),
(58, 'gragd', NULL, '1day', 655500, 0, NULL, NULL, NULL, NULL, NULL, NULL, NULL, 1, '2026-06-20 14:56:46'),
(59, 'geovektor01', NULL, 'vh', 939482, 0, NULL, NULL, NULL, NULL, NULL, NULL, NULL, 1, '2026-06-20 14:56:46'),
(61, 'proektar', NULL, '9981', 156647, 0, NULL, NULL, NULL, NULL, NULL, NULL, NULL, 1, '2026-06-20 14:56:46'),
(62, 'optimal', NULL, 'optimal', 170053, 0, NULL, NULL, NULL, NULL, NULL, NULL, NULL, 1, '2026-06-20 14:56:46'),
(63, 'optimal23', NULL, '380036', 3434287, 0, NULL, NULL, NULL, 'SG11C3133380036', NULL, NULL, NULL, 1, '2026-06-20 14:56:46'),
(64, 'geotcentr', NULL, 'WwcV4h', 0, 0, NULL, NULL, NULL, NULL, NULL, NULL, NULL, 0, '2026-06-20 14:56:46'),
(65, 'zemkom', NULL, '6818', 2505116, 0, NULL, NULL, NULL, NULL, NULL, NULL, NULL, 1, '2026-06-20 14:56:46'),
(66, 'testsystem03', NULL, 'test', 1073526, 0, NULL, NULL, NULL, 'SG70B9133379056', NULL, NULL, NULL, 1, '2026-06-20 14:56:46'),
(68, 'evgk', NULL, '5525', 905488, 0, NULL, NULL, NULL, NULL, NULL, NULL, NULL, 1, '2026-06-20 14:56:46'),
(69, 'zhangirovsky', NULL, '408896', 1284002, 0, NULL, NULL, NULL, NULL, NULL, NULL, NULL, 1, '2026-06-20 14:56:46'),
(70, 'metod', NULL, '3488660', 519740, 0, NULL, NULL, NULL, NULL, NULL, NULL, NULL, 1, '2026-06-20 14:56:46'),
(71, 'R2', NULL, '2025', 870662, 0, NULL, NULL, NULL, NULL, NULL, NULL, NULL, 1, '2026-06-20 14:56:46'),
(72, 'geovektor05', NULL, 'reft', 22090, 0, NULL, NULL, NULL, NULL, NULL, NULL, NULL, 1, '2026-06-20 14:56:46'),
(76, 'hive107', NULL, 'hiveUCT', 31430584, 0, NULL, NULL, NULL, NULL, NULL, NULL, NULL, 1, '2026-06-20 14:56:46'),
(79, 'maksim', NULL, '3979', 2452152, 0, NULL, NULL, NULL, NULL, NULL, NULL, NULL, 1, '2026-06-20 14:56:46'),
(80, 'pasgeo', NULL, '0608', 2385715, 0, NULL, NULL, NULL, NULL, NULL, NULL, NULL, 1, '2026-06-20 14:56:46'),
(81, 'Ilsov', NULL, '2023', 0, 0, NULL, NULL, NULL, NULL, NULL, NULL, NULL, 0, '2026-06-20 14:56:46'),
(82, 'Lisov', NULL, '2023', 1755275, 0, NULL, NULL, NULL, NULL, NULL, NULL, NULL, 1, '2026-06-20 14:56:46'),
(83, 'geosity', NULL, 'i30', 854876, 0, NULL, NULL, NULL, NULL, NULL, NULL, NULL, 1, '2026-06-20 14:56:46'),
(84, 'hamitov', NULL, 'g23', 1050429, 0, NULL, NULL, NULL, NULL, NULL, NULL, NULL, 1, '2026-06-20 14:56:46'),
(85, 'bgd', NULL, '1896', 2513094, 0, NULL, NULL, NULL, NULL, NULL, NULL, NULL, 1, '2026-06-20 14:56:46'),
(86, 'gd', NULL, '112233', 1942408, 0, NULL, NULL, NULL, NULL, NULL, NULL, NULL, 1, '2026-06-20 14:56:46'),
(87, 'spb03', NULL, '1', 2704099, 0, NULL, NULL, NULL, NULL, NULL, NULL, NULL, 1, '2026-06-20 14:56:46'),
(88, 'ivan1', NULL, '2024', 1257286, 0, NULL, NULL, NULL, NULL, NULL, NULL, NULL, 1, '2026-06-20 14:56:46'),
(89, 'ramil', NULL, 'S680', 1872697, 0, NULL, NULL, NULL, 'S912C5147356244', NULL, NULL, NULL, 1, '2026-06-20 14:56:46'),
(90, 'geotsentr', NULL, 'WwcV4h', 1450453, 0, NULL, NULL, NULL, NULL, NULL, NULL, NULL, 1, '2026-06-20 14:56:46'),
(92, 'gisdata', NULL, 'sg12', 247263, 0, NULL, NULL, NULL, NULL, NULL, NULL, NULL, 1, '2026-06-20 14:56:46'),
(93, 'bexp', NULL, '3734795', 508772, 0, NULL, NULL, NULL, NULL, NULL, NULL, NULL, 1, '2026-06-20 14:56:46'),
(94, 'ki', NULL, '3482688', 2082017, 0, NULL, NULL, NULL, NULL, NULL, NULL, NULL, 1, '2026-06-20 14:56:46'),
(95, 'resolv', NULL, '5888', 97677, 0, NULL, NULL, NULL, NULL, NULL, NULL, NULL, 1, '2026-06-20 14:56:46'),
(96, 'terra', NULL, 'b1', 2377913, 0, NULL, NULL, NULL, NULL, NULL, NULL, NULL, 1, '2026-06-20 14:56:46'),
(97, 'orientir', NULL, '3482691', 421394, 0, NULL, NULL, NULL, NULL, NULL, NULL, NULL, 1, '2026-06-20 14:56:46'),
(98, 'atlas', NULL, '3158', 1230951, 0, NULL, NULL, NULL, NULL, NULL, NULL, NULL, 1, '2026-06-20 14:56:46'),
(99, 'vpki', NULL, '1734', 28359, 0, NULL, NULL, NULL, NULL, NULL, NULL, NULL, 1, '2026-06-20 14:56:46'),
(100, 'mez', NULL, 'i80', 1284504, 0, NULL, NULL, NULL, NULL, NULL, NULL, NULL, 1, '2026-06-20 14:56:46'),
(101, 'west', NULL, 'west', 27059, 0, NULL, NULL, NULL, NULL, NULL, NULL, NULL, 1, '2026-06-20 14:56:46'),
(102, 'stroigeo', NULL, 'geoxr', 12159, 0, NULL, NULL, NULL, NULL, NULL, NULL, NULL, 1, '2026-06-20 14:56:46'),
(103, 'sgs1', NULL, '3488657', 7377097, 0, NULL, NULL, NULL, NULL, NULL, NULL, NULL, 1, '2026-06-20 14:56:46'),
(104, 'krilov', NULL, 'sg', 20620, 0, NULL, NULL, NULL, NULL, NULL, NULL, NULL, 1, '2026-06-20 14:56:46'),
(105, 'ecgik', NULL, '0140', 186900, 0, NULL, NULL, NULL, NULL, NULL, NULL, NULL, 1, '2026-06-20 14:56:46'),
(106, 'honeyman', NULL, 'gleb', 8302, 0, NULL, NULL, NULL, NULL, NULL, NULL, NULL, 1, '2026-06-20 14:56:46'),
(107, 'sksv', NULL, 'g6', 677665, 0, NULL, NULL, NULL, NULL, NULL, NULL, NULL, 1, '2026-06-20 14:56:46'),
(108, 'UGI', NULL, '112233', 10277215, 0, NULL, NULL, NULL, NULL, NULL, NULL, NULL, 1, '2026-06-20 14:56:46'),
(109, 'sks', NULL, '919', 26741, 0, NULL, NULL, NULL, NULL, NULL, NULL, NULL, 1, '2026-06-20 14:56:46'),
(110, 'zodiak', NULL, '01770', 38144, 0, NULL, NULL, NULL, NULL, NULL, NULL, NULL, 1, '2026-06-20 14:56:46'),
(111, 'GDT1', NULL, 'test', 609313, 0, NULL, NULL, NULL, NULL, NULL, NULL, NULL, 1, '2026-06-20 14:56:46'),
(112, 'bki', NULL, '9967', 719806, 0, NULL, NULL, NULL, NULL, NULL, NULL, NULL, 1, '2026-06-20 14:56:46'),
(113, 'smikov', NULL, 'gps', 495318, 0, NULL, NULL, NULL, NULL, NULL, NULL, NULL, 1, '2026-06-20 14:56:46'),
(114, 'efort', NULL, 'c5', 178014, 0, NULL, NULL, NULL, NULL, NULL, NULL, NULL, 1, '2026-06-20 14:56:46'),
(115, 'zbinskiy', NULL, '456zbi', 152566, 0, NULL, NULL, NULL, NULL, NULL, NULL, NULL, 1, '2026-06-20 14:56:46'),
(116, 'julia', NULL, 'julia', 138961, 0, NULL, NULL, NULL, NULL, NULL, NULL, NULL, 1, '2026-06-20 14:56:46'),
(117, 'sanyaon', NULL, '6630', 933924, 0, NULL, NULL, NULL, NULL, NULL, NULL, NULL, 1, '2026-06-20 14:56:46'),
(118, 'travkin', NULL, '91705', 76018, 0, NULL, NULL, NULL, NULL, NULL, NULL, NULL, 1, '2026-06-20 14:56:46'),
(119, 'test1', NULL, '12345', 1069245, 0, NULL, NULL, NULL, NULL, NULL, NULL, NULL, 1, '2026-06-20 14:56:46'),
(120, 'video', NULL, '1234', 0, 0, NULL, NULL, NULL, NULL, NULL, NULL, NULL, 0, '2026-06-20 14:56:46'),
(122, 'i30', NULL, 'pangeya', 285640, 0, NULL, NULL, NULL, NULL, NULL, NULL, NULL, 1, '2026-06-20 14:56:46'),
(123, 'arenda', NULL, '112233', 5578863, 0, NULL, NULL, NULL, NULL, NULL, NULL, NULL, 1, '2026-06-20 14:56:46'),
(124, 'psk', NULL, 'psk', 837040, 0, NULL, NULL, NULL, NULL, NULL, NULL, NULL, 1, '2026-06-20 14:56:46'),
(125, 'progress', NULL, 'progress', 115729, 0, NULL, NULL, NULL, NULL, NULL, NULL, NULL, 1, '2026-06-20 14:56:46'),
(126, 'seti', NULL, 'm1', 321723, 0, NULL, NULL, NULL, NULL, NULL, NULL, NULL, 1, '2026-06-20 14:56:46'),
(127, 'sgs2', NULL, '3488639', 5369768, 0, NULL, NULL, NULL, NULL, NULL, NULL, NULL, 1, '2026-06-20 14:56:46'),
(128, 'krotov', NULL, 'g3', 9808, 0, NULL, NULL, NULL, NULL, NULL, NULL, NULL, 1, '2026-06-20 14:56:46'),
(129, 'hmn80', NULL, '3505205', 51443, 0, NULL, NULL, NULL, NULL, NULL, NULL, NULL, 1, '2026-06-20 14:56:46'),
(130, 'petr', NULL, 'g5', 624331, 0, NULL, NULL, NULL, NULL, NULL, NULL, NULL, 1, '2026-06-20 14:56:46'),
(131, 'ak', NULL, '10', 57603, 0, NULL, NULL, NULL, NULL, NULL, NULL, NULL, 1, '2026-06-20 14:56:46'),
(132, 'ingeo', NULL, '3597657', 14859, 0, NULL, NULL, NULL, NULL, NULL, NULL, NULL, 1, '2026-06-20 14:56:46'),
(133, 'kir', NULL, 'kir', 256681, 0, NULL, NULL, NULL, NULL, NULL, NULL, NULL, 1, '2026-06-20 14:56:46'),
(134, 'mark', NULL, 'geo', 31930, 0, NULL, NULL, NULL, NULL, NULL, NULL, NULL, 1, '2026-06-20 14:56:46'),
(135, 'USS', NULL, 'south1', 609492, 0, NULL, NULL, NULL, NULL, NULL, NULL, NULL, 1, '2026-06-20 14:56:46'),
(136, 'dinar', NULL, 'g3', 764162, 0, NULL, NULL, NULL, NULL, NULL, NULL, NULL, 1, '2026-06-20 14:56:46'),
(137, 'liderg', NULL, '3485663', 41993, 0, NULL, NULL, NULL, NULL, NULL, NULL, NULL, 1, '2026-06-20 14:56:46'),
(138, 'ivan1988', NULL, '1988', 1306457, 0, NULL, NULL, NULL, NULL, NULL, NULL, NULL, 1, '2026-06-20 14:56:46'),
(139, 'geomap', NULL, 't2', 341973, 0, NULL, NULL, NULL, NULL, NULL, NULL, NULL, 1, '2026-06-20 14:56:46'),
(140, 'toura', NULL, 'toura', 435468, 0, NULL, NULL, NULL, NULL, NULL, NULL, NULL, 1, '2026-06-20 14:56:46'),
(141, 'uci', NULL, 'dima', 414162, 0, NULL, NULL, NULL, NULL, NULL, NULL, NULL, 1, '2026-06-20 14:56:46'),
(142, 'savin', NULL, '223738', 21242, 0, NULL, NULL, NULL, NULL, NULL, NULL, NULL, 1, '2026-06-20 14:56:46'),
(143, 'les', NULL, 'nik', 274103, 0, NULL, NULL, NULL, NULL, NULL, NULL, NULL, 1, '2026-06-20 14:56:46'),
(144, 'bacon', NULL, '3582286', 1448039, 0, NULL, NULL, NULL, 'SG11BB148019224', NULL, NULL, NULL, 1, '2026-06-20 14:56:46'),
(145, 'tsk', NULL, 'r10', 59356, 0, NULL, NULL, NULL, NULL, NULL, NULL, NULL, 1, '2026-06-20 14:56:46'),
(146, 'test2', NULL, 'test2', 293366, 0, NULL, NULL, NULL, NULL, NULL, NULL, NULL, 1, '2026-06-20 14:56:46'),
(147, 'uralspec', NULL, '1807', 5072677, 0, NULL, NULL, NULL, NULL, NULL, NULL, NULL, 1, '2026-06-20 14:56:46'),
(148, 'alfis', NULL, '2009', 585490, 0, NULL, NULL, NULL, NULL, NULL, NULL, '+79001971505', 1, '2026-06-20 14:56:46'),
(149, 'geoid', NULL, '30545', 893332, 0, NULL, NULL, NULL, 'SG11CB133381655', NULL, NULL, NULL, 1, '2026-06-20 14:56:46'),
(150, 'oos', NULL, '7562', 5623, 0, NULL, NULL, NULL, NULL, NULL, NULL, NULL, 1, '2026-06-20 14:56:46'),
(151, 'mytest', NULL, '111', 0, 0, NULL, NULL, NULL, NULL, NULL, NULL, NULL, 0, '2026-06-20 14:56:46'),
(152, 'stag', NULL, 'stag', 4940, 0, NULL, NULL, NULL, NULL, NULL, NULL, NULL, 1, '2026-06-20 14:56:46'),
(153, 'pask', NULL, 'pask', 65405, 0, NULL, NULL, NULL, 'SG50C2148622276', NULL, NULL, NULL, 1, '2026-06-20 14:56:46'),
(154, 'prosvyaz1', NULL, '3485857', 455608, 0, NULL, NULL, NULL, NULL, NULL, NULL, NULL, 1, '2026-06-20 14:56:46'),
(155, 'inprom', NULL, '66700', 0, 0, NULL, NULL, NULL, NULL, NULL, NULL, NULL, 0, '2026-06-20 14:56:46'),
(156, 'chct3', NULL, '3256625', 1713784, 0, NULL, NULL, NULL, NULL, NULL, NULL, NULL, 1, '2026-06-20 14:56:46'),
(157, 'etp', NULL, 'bd990', 3016253, 0, NULL, NULL, NULL, NULL, NULL, NULL, NULL, 1, '2026-06-20 14:56:46'),
(158, 'bools', NULL, '1510', 229935, 0, NULL, NULL, NULL, NULL, NULL, NULL, NULL, 1, '2026-06-20 14:56:46'),
(159, 'agor', NULL, '1710', 20264, 0, NULL, NULL, NULL, NULL, NULL, NULL, NULL, 1, '2026-06-20 14:56:46'),
(160, 'roman', NULL, '3701895', 1275327, 0, NULL, NULL, NULL, NULL, NULL, NULL, NULL, 1, '2026-06-20 14:56:46'),
(161, 'atom', NULL, '3591746', 96730, 0, NULL, NULL, NULL, NULL, NULL, NULL, NULL, 1, '2026-06-20 14:56:46'),
(162, 'simonov', NULL, 'c5', 26611, 0, NULL, NULL, NULL, NULL, NULL, NULL, NULL, 1, '2026-06-20 14:56:46'),
(163, 'soloviva', NULL, '3701896', 347491, 0, NULL, NULL, NULL, NULL, NULL, NULL, NULL, 1, '2026-06-20 14:56:46'),
(164, 'bur', NULL, 'bur', 10018, 0, NULL, NULL, NULL, NULL, NULL, NULL, NULL, 1, '2026-06-20 14:56:46'),
(165, 'region', NULL, '3701907', 711427, 0, NULL, NULL, NULL, NULL, NULL, NULL, NULL, 1, '2026-06-20 14:56:46'),
(166, 'pkc', NULL, 'pkc59', 40630, 0, NULL, NULL, NULL, NULL, NULL, NULL, NULL, 1, '2026-06-20 14:56:46'),
(167, 'anton', NULL, '2974', 47463, 0, NULL, NULL, NULL, NULL, NULL, NULL, NULL, 1, '2026-06-20 14:56:46'),
(168, 'koba', NULL, '7272', 870, 0, NULL, NULL, NULL, NULL, NULL, NULL, NULL, 1, '2026-06-20 14:56:46'),
(169, 'utsso', NULL, 'g3', 1181740, 0, NULL, NULL, NULL, NULL, NULL, NULL, NULL, 1, '2026-06-20 14:56:46'),
(170, 'chichanov', NULL, 'i50', 0, 0, NULL, NULL, NULL, NULL, NULL, NULL, NULL, 0, '2026-06-20 14:56:46'),
(171, 'urgrup', NULL, '3485914', 291201, 0, NULL, NULL, NULL, NULL, NULL, NULL, NULL, 1, '2026-06-20 14:56:46'),
(172, 'g4evg', NULL, '20476', 229104, 0, NULL, NULL, NULL, NULL, NULL, NULL, NULL, 1, '2026-06-20 14:56:46'),
(173, 'ntfu1', NULL, 'ntfu', 28123, 0, NULL, NULL, NULL, 'SG11BB148019247', NULL, NULL, NULL, 1, '2026-06-20 14:56:46'),
(174, 'sss', NULL, '3734798', 864565, 0, NULL, NULL, NULL, NULL, NULL, NULL, NULL, 1, '2026-06-20 14:56:46'),
(175, 'zarech', NULL, '3734797', 836690, 0, NULL, NULL, NULL, NULL, NULL, NULL, NULL, 1, '2026-06-20 14:56:46'),
(177, 'inservis', NULL, '3704958', 13864, 0, NULL, NULL, NULL, NULL, NULL, NULL, NULL, 1, '2026-06-20 14:56:46'),
(178, 'dnpc', NULL, 'dnpc', 21800, 0, NULL, NULL, NULL, NULL, NULL, NULL, NULL, 1, '2026-06-20 14:56:46'),
(179, 'pravb', NULL, 'denis', 364629, 0, NULL, NULL, NULL, NULL, NULL, NULL, NULL, 1, '2026-06-20 14:56:46'),
(180, 'santest', NULL, '7521', 0, 0, NULL, NULL, NULL, NULL, NULL, NULL, NULL, 0, '2026-06-20 14:56:46'),
(181, 'urf', NULL, '9556', 787356, 0, NULL, NULL, NULL, NULL, NULL, NULL, NULL, 1, '2026-06-20 14:56:46'),
(182, 'planeta', NULL, 'smax', 16237, 0, NULL, NULL, NULL, NULL, NULL, NULL, NULL, 1, '2026-06-20 14:56:46'),
(183, 'suhoi', NULL, '0112', 173607, 0, NULL, NULL, NULL, NULL, NULL, NULL, NULL, 1, '2026-06-20 14:56:46'),
(184, 'astra', NULL, '3591772', 871021, 0, NULL, NULL, NULL, NULL, NULL, NULL, NULL, 1, '2026-06-20 14:56:46'),
(185, 'hmds', NULL, '3703870', 225633, 0, NULL, NULL, NULL, NULL, NULL, NULL, NULL, 1, '2026-06-20 14:56:46'),
(186, 'ingeog', NULL, '2023', 388700, 0, NULL, NULL, NULL, NULL, NULL, NULL, NULL, 1, '2026-06-20 14:56:46'),
(187, 'Geocity', NULL, '', 0, 0, NULL, NULL, NULL, NULL, NULL, NULL, NULL, 0, '2026-06-20 14:56:46'),
(189, 'artem', NULL, '2200', 53476, 0, NULL, NULL, NULL, NULL, NULL, NULL, NULL, 1, '2026-06-20 14:56:46'),
(190, 'uks', NULL, '120250', 1157675, 0, NULL, NULL, NULL, 'SG21D7147357950', NULL, NULL, NULL, 1, '2026-06-20 14:56:46'),
(191, 'i90', NULL, 'i90', 46451, 0, NULL, NULL, NULL, NULL, NULL, NULL, NULL, 1, '2026-06-20 14:56:46'),
(193, 'hive7', NULL, 'nftu', 707934, 0, NULL, NULL, NULL, NULL, NULL, NULL, NULL, 1, '2026-06-20 14:56:46'),
(194, 'sem96', NULL, 'nt', 1787, 0, NULL, NULL, NULL, NULL, NULL, NULL, NULL, 1, '2026-06-20 14:56:46'),
(195, 'p74', NULL, '2412', 7868, 0, NULL, NULL, NULL, NULL, NULL, NULL, NULL, 1, '2026-06-20 14:56:46'),
(196, 'arnd', NULL, 'arnd', 70602, 0, NULL, NULL, NULL, NULL, NULL, NULL, NULL, 1, '2026-06-20 14:56:46'),
(197, 'geosector', NULL, '9592', 2755370, 0, NULL, NULL, NULL, NULL, NULL, NULL, NULL, 1, '2026-06-20 14:56:46'),
(198, 'efix', NULL, 'art', 1082014, 0, NULL, NULL, NULL, NULL, NULL, NULL, NULL, 1, '2026-06-20 14:56:46'),
(199, 'mrsk', NULL, '3719070', 1410065, 0, NULL, NULL, NULL, NULL, NULL, NULL, NULL, 1, '2026-06-20 14:56:46'),
(200, 'grig', NULL, '123', 9007, 0, NULL, NULL, NULL, NULL, NULL, NULL, NULL, 1, '2026-06-20 14:56:46'),
(201, 'ptest', NULL, '112233', 13139, 0, NULL, NULL, NULL, NULL, NULL, NULL, NULL, 1, '2026-06-20 14:56:46'),
(202, 'kireev', NULL, '1', 0, 0, NULL, NULL, NULL, NULL, NULL, NULL, NULL, 0, '2026-06-20 14:56:46'),
(203, 'pru', NULL, 'perv', 126440, 0, NULL, NULL, NULL, NULL, NULL, NULL, NULL, 1, '2026-06-20 14:56:46'),
(204, 'uralmk', NULL, 'miron', 254973, 0, NULL, NULL, NULL, NULL, NULL, NULL, NULL, 1, '2026-06-20 14:56:46'),
(206, 'zare010', NULL, 's680', 0, 0, NULL, NULL, NULL, NULL, NULL, NULL, NULL, 0, '2026-06-20 14:56:46'),
(210, 'ugi2', NULL, '3780415', 1272955, 0, NULL, NULL, NULL, NULL, NULL, NULL, NULL, 1, '2026-06-20 14:56:46'),
(211, 'kirillst', NULL, '2399', 4462, 0, NULL, NULL, NULL, NULL, NULL, NULL, NULL, 1, '2026-06-20 14:56:46'),
(212, 'i53', NULL, 'i53', 655278, 0, NULL, NULL, NULL, NULL, NULL, NULL, NULL, 1, '2026-06-20 14:56:46'),
(213, 'aue', NULL, 'vor', 2502, 0, NULL, NULL, NULL, NULL, NULL, NULL, NULL, 1, '2026-06-20 14:56:46'),
(214, 'zlo', NULL, 'lhvs', 488872, 0, NULL, NULL, NULL, NULL, NULL, NULL, NULL, 1, '2026-06-20 14:56:46'),
(215, 'bmp', NULL, 'tank', 659937, 0, NULL, NULL, NULL, NULL, NULL, NULL, NULL, 1, '2026-06-20 14:56:46'),
(216, 'mvt96', NULL, '4043361', 178600, 0, NULL, NULL, NULL, NULL, NULL, NULL, NULL, 1, '2026-06-20 14:56:46'),
(217, 'smp', NULL, 'arenda', 0, 0, NULL, NULL, NULL, NULL, NULL, NULL, NULL, 0, '2026-06-20 14:56:46'),
(218, 'artm', NULL, 'i90', 0, 0, NULL, NULL, NULL, NULL, NULL, NULL, NULL, 0, '2026-06-20 14:56:46'),
(219, 'prsp', NULL, 'hitarget', 595069, 0, NULL, NULL, NULL, NULL, NULL, NULL, NULL, 1, '2026-06-20 14:56:46'),
(220, 'strgroup', NULL, '3557867', 819813, 0, NULL, NULL, NULL, NULL, NULL, NULL, NULL, 1, '2026-06-20 14:56:46'),
(221, 'gaz', NULL, 'seti', 140635, 0, NULL, NULL, NULL, NULL, NULL, NULL, NULL, 1, '2026-06-20 14:56:46'),
(222, 'simas', NULL, 'simas', 682952, 0, NULL, NULL, NULL, NULL, NULL, NULL, NULL, 1, '2026-06-20 14:56:46'),
(223, 'aqua', NULL, 'g2', 859376, 0, NULL, NULL, NULL, NULL, NULL, NULL, NULL, 1, '2026-06-20 14:56:46'),
(224, 'sima2', NULL, 'efix', 868, 0, NULL, NULL, NULL, NULL, NULL, NULL, NULL, 1, '2026-06-20 14:56:46'),
(225, '1day', NULL, '3', 324644, 0, NULL, NULL, NULL, NULL, NULL, NULL, NULL, 1, '2026-06-20 14:56:46'),
(226, 'arti', NULL, '202505', 628421, 0, NULL, NULL, NULL, NULL, NULL, NULL, NULL, 1, '2026-06-20 14:56:46'),
(227, 'olegb', NULL, '3799214', 964473, 0, NULL, NULL, NULL, NULL, NULL, NULL, NULL, 1, '2026-06-20 14:56:46'),
(228, 'mpik', NULL, '3733686', 123988, 0, NULL, NULL, NULL, NULL, NULL, NULL, NULL, 1, '2026-06-20 14:56:46'),
(230, 'victory', NULL, '2026', 439803, 0, NULL, NULL, NULL, NULL, NULL, 'Oleg', NULL, 1, '2026-06-20 14:56:46'),
(231, 'poleos6', NULL, '21009', 3384, 0, NULL, NULL, NULL, NULL, NULL, NULL, NULL, 1, '2026-06-20 14:56:46'),
(232, 'transver', NULL, '3498942', 1613074, 0, NULL, NULL, NULL, NULL, NULL, NULL, NULL, 1, '2026-06-20 14:56:46'),
(233, 'eremin', NULL, '3831912', 313000, 0, NULL, NULL, NULL, NULL, NULL, NULL, NULL, 1, '2026-06-20 14:56:46'),
(234, 'promteh', NULL, '202505', 33616, 0, NULL, NULL, NULL, NULL, NULL, NULL, NULL, 1, '2026-06-20 14:56:46'),
(235, 'maxmol', NULL, '20250517', 686645, 0, NULL, NULL, NULL, NULL, NULL, NULL, NULL, 1, '2026-06-20 14:56:46'),
(236, 'gusi', NULL, 't1', 2400513, 0, NULL, NULL, NULL, NULL, NULL, NULL, NULL, 1, '2026-06-20 14:56:46'),
(237, 'montag', NULL, 'g4', 428789, 0, NULL, NULL, NULL, NULL, NULL, NULL, NULL, 1, '2026-06-20 14:56:46'),
(238, 'i30vr', NULL, '3829360', 1269352, 0, NULL, NULL, NULL, NULL, NULL, NULL, NULL, 1, '2026-06-20 14:56:46'),
(239, 'alext3', NULL, '00294', 616545, 0, NULL, NULL, NULL, NULL, NULL, NULL, NULL, 1, '2026-06-20 14:56:46'),
(240, 'spece300', NULL, '00373', 157357, 0, NULL, NULL, NULL, NULL, NULL, NULL, NULL, 1, '2026-06-20 14:56:46'),
(241, 'brusnika', NULL, 'brusnika1', 377091, 0, NULL, NULL, NULL, NULL, NULL, NULL, NULL, 1, '2026-06-20 14:56:46'),
(242, 'centre', NULL, '4023818', 283833, 0, NULL, NULL, NULL, NULL, NULL, NULL, NULL, 1, '2026-06-20 14:56:46'),
(243, 'kadastr', NULL, 'pro', 941707, 0, NULL, NULL, NULL, NULL, NULL, NULL, NULL, 1, '2026-06-20 14:56:46'),
(244, 'rmk', NULL, 'g4', 1657503, 0, NULL, NULL, NULL, NULL, NULL, NULL, NULL, 1, '2026-06-20 14:56:46'),
(245, 'ivan', NULL, '4041259', 81127, 0, NULL, NULL, NULL, NULL, NULL, NULL, NULL, 1, '2026-06-20 14:56:46'),
(246, 'tornado', NULL, '10point', 84011, 0, NULL, NULL, NULL, NULL, NULL, NULL, NULL, 1, '2026-06-20 14:56:46'),
(247, 'antb', NULL, 'anton', 830918, 0, NULL, NULL, NULL, NULL, NULL, NULL, NULL, 1, '2026-06-20 14:56:46'),
(248, 'sgs3', NULL, '4023820', 1936355, 0, NULL, NULL, NULL, NULL, NULL, NULL, NULL, 1, '2026-06-20 14:56:46'),
(249, 'guest', NULL, '123321', 3416766, 0, NULL, NULL, NULL, NULL, NULL, NULL, NULL, 1, '2026-06-20 14:56:46'),
(252, 'arenda10', NULL, '112233', 5776402, 0, NULL, NULL, NULL, 'KL11F6152105680', NULL, NULL, NULL, 1, '2026-06-20 14:56:46'),
(253, 'westgeo', NULL, '3730632', 1736911, 0, NULL, NULL, NULL, NULL, NULL, NULL, NULL, 1, '2026-06-20 14:56:46'),
(254, 'pro100', NULL, '100', 408469, 0, NULL, NULL, NULL, NULL, NULL, NULL, NULL, 1, '2026-06-20 14:56:46'),
(255, 'danil123', NULL, 'tech', 358057, 0, NULL, NULL, NULL, NULL, NULL, NULL, NULL, 1, '2026-06-20 14:56:46'),
(256, 'promned', NULL, '061096', 5956, 0, NULL, NULL, NULL, NULL, NULL, NULL, NULL, 1, '2026-06-20 14:56:46'),
(257, 'geonid', NULL, '2323', 1086449, 0, NULL, NULL, NULL, NULL, NULL, NULL, NULL, 1, '2026-06-20 14:56:46'),
(258, 'efort123', NULL, 'efort123', 774666, 0, NULL, NULL, NULL, NULL, NULL, NULL, NULL, 1, '2026-06-20 14:56:46'),
(261, 'Scetlakov', NULL, 'i90', 0, 0, NULL, NULL, NULL, NULL, NULL, NULL, NULL, 0, '2026-06-20 14:56:46'),
(263, 'Svetlakov1', NULL, 'i90', 0, 0, NULL, NULL, NULL, NULL, NULL, NULL, NULL, 0, '2026-06-20 14:56:46'),
(264, 'ekolog', NULL, '4023848', 409247, 0, NULL, NULL, NULL, NULL, NULL, NULL, NULL, 1, '2026-06-20 14:56:46'),
(265, 'omega', NULL, '4023852', 1703696, 0, NULL, NULL, NULL, NULL, NULL, NULL, NULL, 1, '2026-06-20 14:56:46'),
(266, 'nikgor', NULL, '20', 2153784, 0, NULL, NULL, NULL, NULL, NULL, NULL, NULL, 1, '2026-06-20 14:56:46'),
(267, 'sima1', NULL, '3835523', 61271, 0, NULL, NULL, NULL, NULL, NULL, NULL, NULL, 1, '2026-06-20 14:56:46'),
(268, 'markgeo', NULL, '4023855', 462207, 0, NULL, NULL, NULL, NULL, NULL, NULL, NULL, 1, '2026-06-20 14:56:46'),
(269, 'dks', NULL, '3799244', 921817, 0, NULL, NULL, NULL, NULL, NULL, NULL, NULL, 1, '2026-06-20 14:56:46'),
(270, 'ukbs', NULL, '4023858', 1607548, 0, NULL, NULL, NULL, NULL, NULL, NULL, NULL, 1, '2026-06-20 14:56:46'),
(271, 'cadpro', NULL, 'i30', 1287828, 0, NULL, NULL, NULL, NULL, NULL, NULL, NULL, 1, '2026-06-20 14:56:46'),
(272, 'pavel', NULL, '4091544', 254744, 0, NULL, NULL, NULL, NULL, NULL, NULL, NULL, 1, '2026-06-20 14:56:46'),
(273, 'arseny', NULL, '4091542', 521015, 0, NULL, NULL, NULL, NULL, NULL, NULL, NULL, 1, '2026-06-20 14:56:46'),
(274, 'uraltisiz', NULL, '3835535', 19361, 0, NULL, NULL, NULL, NULL, NULL, NULL, NULL, 1, '2026-06-20 14:56:46'),
(275, 'nsk', NULL, '4091550', 468771, 0, NULL, NULL, NULL, NULL, NULL, NULL, NULL, 1, '2026-06-20 14:56:46'),
(276, 'extrim', NULL, 'extrim', 740057, 0, NULL, NULL, NULL, NULL, NULL, NULL, NULL, 1, '2026-06-20 14:56:46'),
(277, 'ss2006', NULL, '3835528', 326758, 0, NULL, NULL, NULL, NULL, NULL, NULL, NULL, 1, '2026-06-20 14:56:46'),
(278, 'gi', NULL, 'g5', 1892533, 0, NULL, NULL, NULL, NULL, NULL, NULL, NULL, 1, '2026-06-20 14:56:46'),
(279, 'sisert', NULL, '3409443', 704092, 0, NULL, NULL, NULL, NULL, NULL, NULL, NULL, 1, '2026-06-20 14:56:46'),
(280, 'sgs4', NULL, '4091790', 2251656, 0, NULL, NULL, NULL, NULL, NULL, NULL, NULL, 1, '2026-06-20 14:56:46'),
(281, 'i50', NULL, '3490672', 24886, 0, NULL, NULL, NULL, NULL, NULL, NULL, NULL, 1, '2026-06-20 14:56:46'),
(282, 'georeft', NULL, 'e200', 376645, 0, NULL, NULL, NULL, NULL, NULL, NULL, NULL, 1, '2026-06-20 14:56:46'),
(283, 'antonov', NULL, '4041317', 117325, 0, NULL, NULL, NULL, NULL, NULL, NULL, NULL, 1, '2026-06-20 14:56:46'),
(284, 'uralzem', NULL, 'stec', 991602, 0, NULL, NULL, NULL, NULL, NULL, NULL, NULL, 1, '2026-06-20 14:56:46'),
(285, 'extrim2', NULL, 'stec', 2492235, 0, NULL, NULL, NULL, NULL, NULL, NULL, NULL, 1, '2026-06-20 14:56:46'),
(286, 'kobilin', NULL, '4147548', 147061, 0, NULL, NULL, NULL, NULL, NULL, NULL, NULL, 1, '2026-06-20 14:56:46'),
(287, '159', NULL, '1day', 16078, 0, NULL, NULL, NULL, NULL, NULL, NULL, NULL, 1, '2026-06-20 14:56:46'),
(288, 'time1', NULL, 'time', 6753, 0, NULL, NULL, NULL, NULL, NULL, NULL, NULL, 1, '2026-06-20 14:56:46'),
(289, 'drelec', NULL, '3838958', 109505, 0, NULL, NULL, NULL, NULL, NULL, NULL, NULL, 1, '2026-06-20 14:56:46'),
(290, 'ilnur', NULL, '4147544', 726387, 0, NULL, NULL, NULL, NULL, NULL, NULL, NULL, 1, '2026-06-20 14:56:46'),
(291, 'moroz', NULL, '3835525', 10163, 0, NULL, NULL, NULL, NULL, NULL, NULL, NULL, 1, '2026-06-20 14:56:46'),
(292, 'kazin', NULL, '4147567', 17177, 0, NULL, NULL, NULL, NULL, NULL, NULL, NULL, 1, '2026-06-20 14:56:46'),
(293, 'upin1', NULL, '1', 25506, 0, NULL, NULL, NULL, NULL, NULL, NULL, NULL, 1, '2026-06-20 14:56:46'),
(294, 'upin2', NULL, '2', 40259, 0, NULL, NULL, NULL, NULL, NULL, NULL, NULL, 1, '2026-06-20 14:56:46'),
(295, 'sysres', NULL, 'sys321', 105529, 0, NULL, NULL, NULL, NULL, NULL, NULL, NULL, 1, '2026-06-20 14:56:46'),
(296, 'gtm', NULL, 'g4', 114547, 0, NULL, NULL, NULL, NULL, NULL, NULL, NULL, 1, '2026-06-20 14:56:46'),
(297, 'kuc5', NULL, '4147572', 55767, 0, NULL, NULL, NULL, NULL, NULL, NULL, NULL, 1, '2026-06-20 14:56:46'),
(298, 'sgs5', NULL, '3484075', 1670809, 0, NULL, NULL, NULL, NULL, NULL, NULL, NULL, 1, '2026-06-20 14:56:46'),
(299, 'sgs6', NULL, '3311899', 1849493, 0, NULL, NULL, NULL, NULL, NULL, NULL, NULL, 1, '2026-06-20 14:56:46'),
(300, 'smu', NULL, '4069320', 1042582, 0, NULL, NULL, NULL, NULL, NULL, NULL, NULL, 1, '2026-06-20 14:56:46'),
(301, 'psk1', NULL, '4176249', 705894, 0, NULL, NULL, NULL, NULL, NULL, NULL, NULL, 1, '2026-06-20 14:56:46'),
(302, 'stepanov', NULL, 'g4', 235899, 0, NULL, NULL, NULL, NULL, NULL, NULL, NULL, 1, '2026-06-20 14:56:46'),
(303, 't2', NULL, '00510', 351, 0, NULL, NULL, NULL, NULL, NULL, NULL, NULL, 1, '2026-06-20 14:56:46'),
(304, 'a1', NULL, '4176254', 191574, 0, NULL, NULL, NULL, NULL, NULL, NULL, NULL, 1, '2026-06-20 14:56:46'),
(305, 'promdorstroy', NULL, '4406580', 974425, 0, NULL, NULL, NULL, NULL, NULL, NULL, NULL, 1, '2026-06-20 14:56:46'),
(306, 'nikos', NULL, '7575', 30795, 0, NULL, NULL, NULL, NULL, NULL, NULL, NULL, 1, '2026-06-20 14:56:46'),
(307, 'dsk1', NULL, 'c5', 183122, 0, NULL, NULL, NULL, NULL, NULL, NULL, NULL, 1, '2026-06-20 14:56:46'),
(308, 'efes', NULL, '4180483', 653665, 0, NULL, NULL, NULL, NULL, NULL, NULL, NULL, 1, '2026-06-20 14:56:46'),
(309, 'geoingener', NULL, 'a1', 0, 0, NULL, NULL, NULL, NULL, NULL, NULL, NULL, 0, '2026-06-20 14:56:46'),
(310, 'geoingener2', NULL, 'a2', 0, 0, NULL, NULL, NULL, NULL, NULL, NULL, NULL, 0, '2026-06-20 14:56:46'),
(311, 'dks2', NULL, '4566425', 111268, 0, NULL, NULL, NULL, NULL, NULL, NULL, NULL, 1, '2026-06-20 14:56:46'),
(312, 'tagilgeo', NULL, 'stec', 2394, 0, NULL, NULL, NULL, NULL, NULL, NULL, NULL, 1, '2026-06-20 14:56:46'),
(313, 'stecnt', NULL, 'stecnt66', 25777, 0, NULL, NULL, NULL, NULL, NULL, NULL, NULL, 1, '2026-06-20 14:56:46'),
(314, 'ivanf6', NULL, '4580547', 111760, 0, NULL, NULL, NULL, NULL, NULL, NULL, NULL, 1, '2026-06-20 14:56:46'),
(315, 'intepro', NULL, '4566430', 1954465, 0, NULL, NULL, NULL, NULL, NULL, NULL, NULL, 1, '2026-06-20 14:56:46'),
(316, 'terrai20', NULL, '4441350', 962618, 0, NULL, NULL, NULL, NULL, NULL, NULL, NULL, 1, '2026-06-20 14:56:46'),
(317, 'ukbs1', NULL, 'ukbs1', 2034724, 0, NULL, NULL, NULL, NULL, NULL, NULL, NULL, 1, '2026-06-20 14:56:46'),
(318, 'i50poly', NULL, 'polykorp', 602523, 0, NULL, NULL, NULL, NULL, NULL, NULL, NULL, 1, '2026-06-20 14:56:46'),
(319, 'lkw4', NULL, 'lkw!4', 599567, 0, NULL, NULL, NULL, NULL, NULL, NULL, NULL, 1, '2026-06-20 14:56:46'),
(320, 'energy55', NULL, 'stec', 10703, 0, NULL, NULL, NULL, NULL, NULL, NULL, NULL, 1, '2026-06-20 14:56:46'),
(321, 'iservise', NULL, 'stec', 1464, 0, NULL, NULL, NULL, NULL, NULL, NULL, NULL, 1, '2026-06-20 14:56:46'),
(322, 'lakkonin', NULL, '4613993', 316024, 0, NULL, NULL, NULL, NULL, NULL, NULL, NULL, 1, '2026-06-20 14:56:46'),
(323, 'barinov', NULL, 'selite', 11407, 0, NULL, NULL, NULL, NULL, NULL, NULL, NULL, 1, '2026-06-20 14:56:46'),
(324, 'avtd', NULL, '4580538', 113684, 0, NULL, NULL, NULL, NULL, NULL, NULL, NULL, 1, '2026-06-20 14:56:46'),
(325, 'nadasb', NULL, '4581324', 549706, 0, NULL, NULL, NULL, NULL, NULL, NULL, NULL, 1, '2026-06-20 14:56:46'),
(326, 'hasan', NULL, '12345', 63271, 0, NULL, NULL, NULL, NULL, NULL, NULL, NULL, 1, '2026-06-20 14:56:46'),
(327, 'diarit', NULL, '4580541', 55801, 0, NULL, NULL, NULL, NULL, NULL, NULL, NULL, 1, '2026-06-20 14:56:46'),
(328, 'gpr', NULL, 'gpr', 475761, 0, NULL, NULL, NULL, NULL, NULL, NULL, NULL, 1, '2026-06-20 14:56:46'),
(329, 'zemkom2', NULL, 'selite', 309688, 0, NULL, NULL, NULL, NULL, NULL, NULL, NULL, 1, '2026-06-20 14:56:46'),
(330, 'gmt', NULL, 'gmt', 0, 0, NULL, NULL, NULL, NULL, NULL, NULL, NULL, 0, '2026-06-20 14:56:46'),
(331, 'Yatki', NULL, '261026', 17636, 0, NULL, NULL, NULL, NULL, NULL, NULL, NULL, 1, '2026-06-20 14:56:46'),
(332, 'ncg', NULL, 'ncg', 60311, 0, NULL, NULL, NULL, NULL, NULL, NULL, NULL, 1, '2026-06-20 14:56:46'),
(333, 'pltf', NULL, 'inv', 115141, 0, NULL, NULL, NULL, NULL, NULL, NULL, NULL, 1, '2026-06-20 14:56:46'),
(334, 'brusnika1', NULL, 'brusnika1', 39246, 0, NULL, NULL, NULL, NULL, NULL, NULL, NULL, 1, '2026-06-20 14:56:46'),
(335, 'skprosvyaz1', NULL, '3701890', 102464, 0, NULL, NULL, NULL, NULL, NULL, NULL, NULL, 1, '2026-06-20 14:56:46'),
(336, 'rks', NULL, 'stonex', 988, 0, NULL, NULL, NULL, NULL, NULL, NULL, NULL, 1, '2026-06-20 14:56:46'),
(337, 'popov', NULL, '112233', 42700, 0, NULL, NULL, NULL, NULL, NULL, NULL, NULL, 1, '2026-06-20 14:56:46'),
(338, '????', NULL, '????', 0, 0, NULL, NULL, NULL, NULL, NULL, NULL, NULL, 0, '2026-06-20 14:56:46'),
(339, 'g4', NULL, '28012027', 104995, 0, NULL, NULL, NULL, NULL, NULL, NULL, NULL, 1, '2026-06-20 14:56:46'),
(340, 'nemo', NULL, 'nemo', 11975, 0, NULL, NULL, NULL, NULL, NULL, NULL, NULL, 1, '2026-06-20 14:56:46'),
(341, 'sinergy', NULL, '4581365', 104339, 0, NULL, NULL, NULL, NULL, NULL, NULL, NULL, 1, '2026-06-20 14:56:46'),
(342, 'Ivan84', NULL, '123', 0, 0, NULL, NULL, NULL, NULL, NULL, NULL, NULL, 0, '2026-06-20 14:56:46'),
(343, 'vasilei1', NULL, 'g1plus', 30940, 0, NULL, NULL, NULL, NULL, NULL, NULL, NULL, 1, '2026-06-20 14:56:46'),
(344, 'stresurs', NULL, 'gnss1', 1413, 0, NULL, NULL, NULL, NULL, NULL, NULL, NULL, 1, '2026-06-20 14:56:46'),
(345, 'name101', NULL, 'pass102', 2471, 0, NULL, NULL, NULL, NULL, NULL, NULL, NULL, 1, '2026-06-20 14:56:46'),
(346, 'ugidro', NULL, 'pass103', 185581, 0, NULL, NULL, NULL, NULL, NULL, NULL, NULL, 1, '2026-06-20 14:56:46'),
(348, 'gdt11', NULL, 'test', 4487, 0, NULL, NULL, NULL, NULL, NULL, NULL, NULL, 1, '2026-06-20 14:56:46'),
(349, 'energo1', NULL, 'seti2', 39024, 0, NULL, NULL, NULL, NULL, NULL, NULL, NULL, 1, '2026-06-20 14:56:46'),
(350, 'snabbit', NULL, 'gd0413', 421720, 0, NULL, NULL, NULL, NULL, NULL, NULL, NULL, 1, '2026-06-20 14:56:46'),
(351, 'tkdks15', NULL, 'gd1504', 68737, 0, NULL, NULL, NULL, NULL, NULL, NULL, NULL, 1, '2026-06-20 14:56:46'),
(352, 'gis', NULL, '4644053', 126166, 0, NULL, NULL, NULL, NULL, NULL, NULL, NULL, 1, '2026-06-20 14:56:46'),
(353, 'antv', NULL, 'g4', 324, 0, NULL, NULL, NULL, NULL, NULL, NULL, NULL, 1, '2026-06-20 14:56:46'),
(354, 'podr', NULL, '123', 51705, 0, NULL, NULL, NULL, NULL, NULL, NULL, NULL, 1, '2026-06-20 14:56:46'),
(355, 'ST66', NULL, 'alexander021212', 55501, 0, NULL, NULL, NULL, NULL, NULL, NULL, NULL, 1, '2026-06-20 14:56:46'),
(356, 'noskov', NULL, 'luka1', 9716, 0, NULL, NULL, NULL, NULL, NULL, NULL, NULL, 1, '2026-06-20 14:56:46'),
(357, 'i302026', NULL, '3316320', 27984, 0, NULL, NULL, NULL, NULL, NULL, NULL, NULL, 1, '2026-06-20 14:56:46'),
(358, 'ekb1', NULL, 'ekb1', 0, 0, NULL, NULL, NULL, NULL, NULL, NULL, NULL, 0, '2026-06-20 14:56:46'),
(359, 'rd', NULL, 'rd96', 0, 0, NULL, NULL, NULL, NULL, NULL, NULL, '+79226151808', 0, '2026-06-20 14:56:46'),
(360, 'stecr', NULL, 'stecr', 8036, 0, NULL, NULL, NULL, NULL, NULL, NULL, NULL, 1, '2026-06-20 14:56:46'),
(361, 'gidravlik', NULL, 'm1', 41535, 0, NULL, NULL, NULL, NULL, NULL, NULL, NULL, 1, '2026-06-20 14:56:46'),
(362, 'umd', NULL, '3488646', 31749, 0, NULL, NULL, NULL, NULL, NULL, NULL, NULL, 1, '2026-06-20 14:56:46'),
(363, 'ilya', NULL, '18062027', 4819, 0, NULL, NULL, NULL, NULL, NULL, NULL, NULL, 1, '2026-06-20 14:56:46'),
(364, 'lgrouprus', NULL, 'i30', 0, 0, NULL, NULL, NULL, NULL, NULL, NULL, NULL, 0, '2026-06-20 14:56:46'),
(365, 'm3plus', NULL, '13808616', 0, 0, NULL, NULL, NULL, NULL, NULL, NULL, NULL, 0, '2026-06-20 14:56:46');

-- ---------------------------------------------------------------------------
-- admins (1 строка — текущий суперпользователь)
-- ---------------------------------------------------------------------------
INSERT INTO admins (id, login, password_hash, full_name, is_active, created_at, role, email, phone) VALUES
(1, 'admin', '186cf774c97b60a1c106ef718d10970a6a06e06bef89553d9ae65d938a886eae', NULL, 1, '2026-06-20 13:32:22', 'admin', NULL, NULL);

-- ---------------------------------------------------------------------------
-- pg_connections (1 профиль). ВНИМАНИЕ: host = 'http://mtccom.ru' взят как
-- есть из живых данных — это, по всей видимости, ошибка ввода (libpq не
-- принимает схему http:// в host). Поправьте на 'mtccom.ru' после миграции
-- через страницу "Подключения БД".
-- ---------------------------------------------------------------------------
INSERT INTO pg_connections (id, name, host, port, dbname, username, password, sslmode, is_default, created_by, created_at, updated_at) VALUES
(1, 'mtccom', 'http://mtccom.ru', 5432, 'gisdata', 'mtccom', 'mtccom', 'prefer', 0, 1, '2026-06-21 18:55:17', '2026-06-21 18:55:17');

-- ---------------------------------------------------------------------------
-- stations (24 станции)
-- ---------------------------------------------------------------------------
INSERT INTO stations (id, external_id, station_code, name, host, port, mountpoint, ntrip_user, ntrip_password, lat, lon, ecef_x, ecef_y, ecef_z, rinex_path, comment, is_enabled, created_at, updated_at) VALUES
(1, 1, 'KOUR', 'KOUR', '212.220.202.178', 19003, 'KOUR', 'admin', 'newpass', 57.0365335, 59.5467821, 1763143.6664, 2998820.3887, 5328358.9358, NULL, NULL, 1, '2026-06-20 14:56:45', '2026-06-20 14:56:45'),
(2, 2, 'REFT', 'REFT', '93.159.216.206', 19000, 'REFT', 'admin', 'newpass', 57.0923598, 61.6839212, 1647585.2585, 3057841.8377, 5331652.6643, NULL, NULL, 1, '2026-06-20 14:56:45', '2026-06-20 14:56:45'),
(3, 3, 'SIS2', 'SIS2', '91.197.204.195', 19000, 'SIST', 'admin', 'newpass', 56.5068283, 60.8383498, 1719127.6890, 3080857.1960, 5295979.6540, NULL, NULL, 1, '2026-06-20 14:56:45', '2026-06-20 14:56:45'),
(4, 4, 'EKTB', 'EKTB', '5.165.7.118', 12674, 'EKTB', 'admin', 'Geodetika2021', 56.8816580, 60.6792979, 1710608.5705, 3045689.5395, 5318955.9234, NULL, NULL, 1, '2026-06-20 14:56:45', '2026-06-20 14:56:45'),
(5, 8, 'BSRT', 'BSRT', '212.220.202.178', 19003, 'KOUR', 'admin', 'newpass', 56.8634618, 59.0430080, 1797760.9740, 2997070.2780, 5317872.5000, NULL, NULL, 1, '2026-06-20 14:56:45', '2026-06-20 14:56:45'),
(6, 9, 'PLSK', 'PLSK', '212.220.202.178', 19003, 'KOUR', 'admin', 'newpass', 56.4921568, 60.2390858, 1751968.3210, 3063953.9040, 5295187.2030, NULL, NULL, 1, '2026-06-20 14:56:45', '2026-06-20 14:56:45'),
(7, 10, 'TOUR', 'TOUR', '212.220.202.178', 19003, 'KOUR', 'admin', 'newpass', 58.0638430, 63.6854824, 1499264.8226, 3031597.7405, 5389560.6974, NULL, NULL, 1, '2026-06-20 14:56:45', '2026-06-20 14:56:45'),
(8, 11, 'KMNS', 'KMNS', '212.220.202.178', 19003, 'KOUR', 'admin', 'newpass', 56.4178591, 61.9115645, 1664996.4840, 3119776.6870, 5290464.1770, NULL, NULL, 1, '2026-06-20 14:56:45', '2026-06-20 14:56:45'),
(9, 12, 'NTAG', 'NTAG', 'ugt.ddns.net', 3236, 'UGT-N-TAGIL_18', 'Hive', '4233', 57.9293790, 59.9485712, 1700058.8170, 2938493.8210, 5381740.8140, NULL, NULL, 1, '2026-06-20 14:56:45', '2026-06-20 14:56:45'),
(10, 19, 'VERH', 'VERH', '127.0.0.1', 55555, 'KOUR', 'admin', 'newpass', 58.8549429, 60.7996089, 1613368.2810, 2886736.3591, 5435697.6420, NULL, NULL, 1, '2026-06-20 14:56:45', '2026-06-20 14:56:45'),
(11, 20, 'KRUF', 'KRUF', '94.250.250.43', 6034, 'KRUF_MSM4', 'vigstroy', 'vigstroy1', 56.6193889, 57.7715906, 1875908.2120, 2975618.6050, 5302875.9960, NULL, NULL, 1, '2026-06-20 14:56:45', '2026-06-20 14:56:45'),
(12, 21, 'ARTI', 'ARTI', '212.220.202.178', 19003, 'KOUR', 'admin', 'newpass', 56.4297894, 58.5602610, 1843968.7550, 3016199.6490, 5291260.2690, NULL, NULL, 1, '2026-06-20 14:56:45', '2026-06-20 14:56:45'),
(13, 23, 'ZRCH', 'ZRCH', '91.226.82.205', 7066, 'ZRCH_MSM4', 'mlubich', '6866867', 56.7911404, 61.3282731, 1680033.8242, 3072242.6647, 5313388.9055, NULL, NULL, 1, '2026-06-20 14:56:45', '2026-06-20 14:56:45'),
(14, 24, 'BGDN', 'BGDN', '212.220.202.178', 19003, 'KOUR', 'admin', 'newpass', 56.7761963, 62.0512073, 1641773.9500, 3094396.3130, 5312427.0270, NULL, NULL, 1, '2026-06-20 14:56:45', '2026-06-20 14:56:45'),
(15, 26, 'NVNS', 'NVNS', '91.226.82.205', 8258, 'EKTB', 'admin', 'Geodetika2021', 57.5342438, 60.2803256, 1701471.2950, 2980618.0963, 5358268.4658, NULL, NULL, 1, '2026-06-20 14:56:45', '2026-06-20 14:56:45'),
(16, 28, 'PRVU', 'PRVU', '212.220.202.178', 19003, 'KOUR', 'admin', 'newpass', 56.8627639, 59.9763702, 1748740.2810, 3026024.2240, 5317848.7530, NULL, NULL, 1, '2026-06-20 14:56:45', '2026-06-20 14:56:45'),
(17, 29, 'EKB1', 'EKB1', '212.220.202.178', 19003, 'KOUR', 'admin', 'newpass', 47.0871310, 37.5252739, 3450448.8015, 2650041.5038, 4648441.0168, NULL, NULL, 1, '2026-06-20 14:56:45', '2026-06-20 14:56:45'),
(18, 30, 'ARTM', 'ARTM', '212.220.202.178', 19003, 'KOUR', 'admin', 'newpass', 57.3490508, 61.8680185, 1626414.7010, 3041916.2530, 5347115.1680, NULL, NULL, 1, '2026-06-20 14:56:45', '2026-06-20 14:56:45'),
(19, 31, 'ALAP', 'ALAP', '212.220.202.178', 19003, 'KOUR', 'admin', 'newpass', 57.8688131, 61.7869146, 1607595.5600, 2996509.5880, 5378075.3130, NULL, NULL, 1, '2026-06-20 14:56:45', '2026-06-20 14:56:45'),
(20, 32, 'EKB2', 'EKB2', '185.69.135.120', 3601, 'DELTA_18', 'GISDATA', '12345', 56.8085558, 60.5658320, 1719977.6630, 3048216.8510, 5314477.6420, NULL, NULL, 1, '2026-06-20 14:56:45', '2026-06-20 14:56:45'),
(21, 37, 'IVDL', 'IVDL', '212.220.202.178', 19003, 'KOUR', 'admin', 'newpass', 60.6633750, 60.3417463, 1550274.0116, 2722526.9478, 5537217.7225, NULL, NULL, 1, '2026-06-20 14:56:45', '2026-06-20 14:56:45'),
(22, 40, 'SHAL', 'SHAL', '91.226.82.205', 3636, 'DELTA_18', 'GISDATA', '12345', 57.2486305, 58.7235283, 1795760.9609, 2956241.9747, 5341214.9698, NULL, NULL, 1, '2026-06-20 14:56:45', '2026-06-20 14:56:45'),
(23, 41, 'IRBT', 'IRBT', '91.226.82.205', 8264, 'KOUR', 'admin', 'newpass', 57.6757953, 63.0642935, 1548622.2456, 3047792.2375, 5366570.5855, NULL, NULL, 1, '2026-06-20 14:56:45', '2026-06-20 14:56:45'),
(24, 42, 'MAR2', 'MAR2', '91.197.204.195', 19000, 'SIST', 'admin', 'newpass', 47.1223239, 37.6474267, 3442502.7876, 2655626.4180, 4651078.4876, NULL, NULL, 1, '2026-06-20 14:56:45', '2026-06-20 14:56:45');

-- ---------------------------------------------------------------------------
-- station_status (24 строки)
-- ---------------------------------------------------------------------------
INSERT INTO station_status (station_id, status, last_check_at, last_data_at, bytes_received, last_error) VALUES
(1, 'offline', '2026-06-21 00:10:41', NULL, 0, 'Connect failed: Connection timed out'),
(2, 'online', '2026-06-21 00:10:42', '2026-06-21 00:10:42', 945, NULL),
(3, 'offline', '2026-06-21 00:10:47', NULL, 0, 'Connect failed: Connection timed out'),
(4, 'offline', '2026-06-21 00:10:47', NULL, 0, 'Connect failed: Connection refused'),
(5, 'offline', '2026-06-21 00:10:52', NULL, 0, 'Connect failed: Connection timed out'),
(6, 'offline', '2026-06-21 00:10:57', NULL, 0, 'Connect failed: Connection timed out'),
(7, 'offline', '2026-06-21 00:11:02', NULL, 0, 'Connect failed: Connection timed out'),
(8, 'offline', '2026-06-21 00:11:07', NULL, 0, 'Connect failed: Connection timed out'),
(9, 'offline', '2026-06-21 00:11:07', NULL, 0, 'Connect failed: php_network_getaddresses: getaddrinfo for ugt.ddns.net failed: No address associated with hostname'),
(10, 'offline', '2026-06-21 00:11:07', NULL, 0, 'Connect failed: Connection refused'),
(11, 'offline', '2026-06-21 00:11:07', NULL, 114, 'Mountpoint недоступен или нужна авторизация'),
(12, 'offline', '2026-06-21 00:11:12', NULL, 0, 'Connect failed: Connection timed out'),
(13, 'offline', '2026-06-21 00:11:12', NULL, 1460, 'Mountpoint недоступен или нужна авторизация'),
(14, 'offline', '2026-06-21 00:11:17', NULL, 0, 'Connect failed: Connection timed out'),
(15, 'online', '2026-06-21 00:11:18', '2026-06-21 00:11:18', 400, NULL),
(16, 'offline', '2026-06-21 00:11:23', NULL, 0, 'Connect failed: Connection timed out'),
(17, 'offline', '2026-06-21 00:11:28', NULL, 0, 'Connect failed: Connection timed out'),
(18, 'offline', '2026-06-21 00:11:33', NULL, 0, 'Connect failed: Connection timed out'),
(19, 'offline', '2026-06-21 00:11:38', NULL, 0, 'Connect failed: Connection timed out'),
(20, 'online', '2026-06-21 00:11:38', '2026-06-21 00:11:38', 269, NULL),
(21, 'offline', '2026-06-21 00:11:43', NULL, 0, 'Connect failed: Connection timed out'),
(22, 'offline', '2026-06-21 00:11:51', NULL, 0, 'Поток пуст или слишком короткий'),
(23, 'online', '2026-06-21 00:11:52', '2026-06-21 00:11:52', 512, NULL),
(24, 'offline', '2026-06-21 00:11:57', NULL, 0, 'Connect failed: Connection timed out');

-- ---------------------------------------------------------------------------
-- subscriptions (3 строки)
-- ---------------------------------------------------------------------------
INSERT INTO subscriptions (id, user_id, plan_name, starts_at, ends_at, is_cancelled, note, created_by, created_at) VALUES
(1, 112, NULL, '2026-06-21 00:09:12', '2027-06-12 00:00:00', 0, NULL, 1, '2026-06-21 00:09:12'),
(2, 26, NULL, '2026-06-21 01:54:00', '2026-07-02 00:00:00', 0, NULL, 1, '2026-06-21 01:54:00'),
(3, 26, NULL, '2026-06-21 01:54:15', '2027-07-02 00:00:00', 0, NULL, 1, '2026-06-21 01:54:15');

-- ---------------------------------------------------------------------------
-- tours (1 строка)
-- ---------------------------------------------------------------------------
INSERT INTO tours (id, name, description, lat, lon, file_path, file_format, is_enabled, created_by, created_at, pg_connection_id, pg_synced_at, pg_sync_error) VALUES
(1, 'Парк', 'Парковая территория', 53.5900000, 33.5000000, 'PARK/3dgs_point_cloud.ply', 'ply', 1, 1, '2026-06-21 01:17:22', NULL, NULL, NULL);

-- ---------------------------------------------------------------------------
-- station_log (120 строк, история проверок)
-- ---------------------------------------------------------------------------
INSERT INTO station_log (id, station_id, checked_at, status, bytes_received, error_message) VALUES
(1, 1, '2026-06-20 23:58:23', 'offline', 0, 'Connect failed: Connection timed out'),
(2, 2, '2026-06-20 23:58:24', 'online', 948, NULL),
(3, 3, '2026-06-20 23:58:29', 'offline', 0, 'Connect failed: Connection timed out'),
(4, 4, '2026-06-20 23:58:29', 'offline', 0, 'Connect failed: Connection refused'),
(5, 1, '2026-06-20 23:58:30', 'offline', 0, 'Connect failed: Connection timed out'),
(6, 2, '2026-06-20 23:58:30', 'online', 1464, NULL),
(7, 5, '2026-06-20 23:58:34', 'offline', 0, 'Connect failed: Connection timed out'),
(8, 3, '2026-06-20 23:58:35', 'offline', 0, 'Connect failed: Connection timed out'),
(9, 4, '2026-06-20 23:58:35', 'offline', 0, 'Connect failed: Connection refused'),
(10, 1, '2026-06-20 23:58:38', 'offline', 0, 'Connect failed: Connection timed out'),
(11, 2, '2026-06-20 23:58:38', 'online', 2912, NULL),
(12, 6, '2026-06-20 23:58:39', 'offline', 0, 'Connect failed: Connection timed out'),
(13, 5, '2026-06-20 23:58:40', 'offline', 0, 'Connect failed: Connection timed out'),
(14, 3, '2026-06-20 23:58:43', 'offline', 0, 'Connect failed: Connection timed out'),
(15, 4, '2026-06-20 23:58:43', 'offline', 0, 'Connect failed: Connection refused'),
(16, 7, '2026-06-20 23:58:44', 'offline', 0, 'Connect failed: Connection timed out'),
(17, 6, '2026-06-20 23:58:45', 'offline', 0, 'Connect failed: Connection timed out'),
(18, 5, '2026-06-20 23:58:48', 'offline', 0, 'Connect failed: Connection timed out'),
(19, 8, '2026-06-20 23:58:49', 'offline', 0, 'Connect failed: Connection timed out'),
(20, 9, '2026-06-20 23:58:49', 'offline', 0, 'Connect failed: php_network_getaddresses: getaddrinfo for ugt.ddns.net failed: No address associated with hostname'),
(21, 10, '2026-06-20 23:58:49', 'offline', 0, 'Connect failed: Connection refused'),
(22, 11, '2026-06-20 23:58:49', 'offline', 114, 'Mountpoint недоступен или нужна авторизация'),
(23, 7, '2026-06-20 23:58:50', 'offline', 0, 'Connect failed: Connection timed out'),
(24, 1, '2026-06-20 23:58:52', 'offline', 0, 'Connect failed: Connection timed out'),
(25, 2, '2026-06-20 23:58:52', 'online', 1464, NULL),
(26, 6, '2026-06-20 23:58:53', 'offline', 0, 'Connect failed: Connection timed out'),
(27, 12, '2026-06-20 23:58:54', 'offline', 0, 'Connect failed: Connection timed out'),
(28, 13, '2026-06-20 23:58:54', 'offline', 1460, 'Mountpoint недоступен или нужна авторизация'),
(29, 8, '2026-06-20 23:58:55', 'offline', 0, 'Connect failed: Connection timed out'),
(30, 9, '2026-06-20 23:58:55', 'offline', 0, 'Connect failed: php_network_getaddresses: getaddrinfo for ugt.ddns.net failed: No address associated with hostname'),
(31, 10, '2026-06-20 23:58:55', 'offline', 0, 'Connect failed: Connection refused'),
(32, 11, '2026-06-20 23:58:55', 'offline', 114, 'Mountpoint недоступен или нужна авторизация'),
(33, 3, '2026-06-20 23:58:57', 'offline', 0, 'Connect failed: Connection timed out'),
(34, 4, '2026-06-20 23:58:57', 'offline', 0, 'Connect failed: Connection refused'),
(35, 7, '2026-06-20 23:58:58', 'offline', 0, 'Connect failed: Connection timed out'),
(36, 14, '2026-06-20 23:58:59', 'offline', 0, 'Connect failed: Connection timed out'),
(37, 15, '2026-06-20 23:59:00', 'online', 400, NULL),
(38, 12, '2026-06-20 23:59:00', 'offline', 0, 'Connect failed: Connection timed out'),
(39, 13, '2026-06-20 23:59:00', 'offline', 3785, 'Mountpoint недоступен или нужна авторизация'),
(40, 5, '2026-06-20 23:59:02', 'offline', 0, 'Connect failed: Connection timed out'),
(41, 8, '2026-06-20 23:59:03', 'offline', 0, 'Connect failed: Connection timed out'),
(42, 9, '2026-06-20 23:59:03', 'offline', 0, 'Connect failed: php_network_getaddresses: getaddrinfo for ugt.ddns.net failed: No address associated with hostname'),
(43, 10, '2026-06-20 23:59:03', 'offline', 0, 'Connect failed: Connection refused'),
(44, 11, '2026-06-20 23:59:03', 'offline', 114, 'Mountpoint недоступен или нужна авторизация'),
(45, 16, '2026-06-20 23:59:05', 'offline', 0, 'Connect failed: Connection timed out'),
(46, 14, '2026-06-20 23:59:05', 'offline', 0, 'Connect failed: Connection timed out'),
(47, 15, '2026-06-20 23:59:06', 'online', 400, NULL),
(48, 6, '2026-06-20 23:59:07', 'offline', 0, 'Connect failed: Connection timed out'),
(49, 12, '2026-06-20 23:59:08', 'offline', 0, 'Connect failed: Connection timed out'),
(50, 13, '2026-06-20 23:59:08', 'offline', 3785, 'Mountpoint недоступен или нужна авторизация'),
(51, 17, '2026-06-20 23:59:10', 'offline', 0, 'Connect failed: Connection timed out'),
(52, 16, '2026-06-20 23:59:11', 'offline', 0, 'Connect failed: Connection timed out'),
(53, 7, '2026-06-20 23:59:12', 'offline', 0, 'Connect failed: Connection timed out'),
(54, 14, '2026-06-20 23:59:13', 'offline', 0, 'Connect failed: Connection timed out'),
(55, 15, '2026-06-20 23:59:14', 'online', 400, NULL),
(56, 18, '2026-06-20 23:59:15', 'offline', 0, 'Connect failed: Connection timed out'),
(57, 17, '2026-06-20 23:59:16', 'offline', 0, 'Connect failed: Connection timed out'),
(58, 8, '2026-06-20 23:59:17', 'offline', 0, 'Connect failed: Connection timed out'),
(59, 9, '2026-06-20 23:59:17', 'offline', 0, 'Connect failed: php_network_getaddresses: getaddrinfo for ugt.ddns.net failed: No address associated with hostname'),
(60, 10, '2026-06-20 23:59:17', 'offline', 0, 'Connect failed: Connection refused'),
(61, 11, '2026-06-20 23:59:17', 'offline', 114, 'Mountpoint недоступен или нужна авторизация'),
(62, 16, '2026-06-20 23:59:19', 'offline', 0, 'Connect failed: Connection timed out'),
(63, 19, '2026-06-20 23:59:20', 'offline', 0, 'Connect failed: Connection timed out'),
(64, 20, '2026-06-20 23:59:20', 'online', 269, NULL),
(65, 18, '2026-06-20 23:59:21', 'offline', 0, 'Connect failed: Connection timed out'),
(66, 12, '2026-06-20 23:59:22', 'offline', 0, 'Connect failed: Connection timed out'),
(67, 13, '2026-06-20 23:59:22', 'offline', 1460, 'Mountpoint недоступен или нужна авторизация'),
(68, 17, '2026-06-20 23:59:24', 'offline', 0, 'Connect failed: Connection timed out'),
(69, 21, '2026-06-20 23:59:25', 'offline', 0, 'Connect failed: Connection timed out'),
(70, 19, '2026-06-20 23:59:26', 'offline', 0, 'Connect failed: Connection timed out'),
(71, 20, '2026-06-20 23:59:26', 'online', 269, NULL),
(72, 14, '2026-06-20 23:59:27', 'offline', 0, 'Connect failed: Connection timed out'),
(73, 15, '2026-06-20 23:59:28', 'online', 400, NULL),
(74, 18, '2026-06-20 23:59:29', 'offline', 0, 'Connect failed: Connection timed out'),
(75, 21, '2026-06-20 23:59:31', 'offline', 0, 'Connect failed: Connection timed out'),
(76, 16, '2026-06-20 23:59:33', 'offline', 0, 'Connect failed: Connection timed out'),
(77, 22, '2026-06-20 23:59:33', 'offline', 0, 'Поток пуст или слишком короткий'),
(78, 23, '2026-06-20 23:59:34', 'online', 512, NULL),
(79, 19, '2026-06-20 23:59:34', 'offline', 0, 'Connect failed: Connection timed out'),
(80, 20, '2026-06-20 23:59:34', 'online', 269, NULL),
(81, 17, '2026-06-20 23:59:38', 'offline', 0, 'Connect failed: Connection timed out'),
(82, 24, '2026-06-20 23:59:39', 'offline', 0, 'Connect failed: Connection timed out'),
(83, 21, '2026-06-20 23:59:39', 'offline', 0, 'Connect failed: Connection timed out'),
(84, 22, '2026-06-20 23:59:39', 'offline', 0, 'Поток пуст или слишком короткий'),
(85, 23, '2026-06-20 23:59:40', 'online', 849, NULL),
(86, 18, '2026-06-20 23:59:43', 'offline', 0, 'Connect failed: Connection timed out'),
(87, 24, '2026-06-20 23:59:45', 'offline', 0, 'Connect failed: Connection timed out'),
(88, 22, '2026-06-20 23:59:47', 'offline', 0, 'Поток пуст или слишком короткий'),
(89, 23, '2026-06-20 23:59:48', 'online', 849, NULL),
(90, 19, '2026-06-20 23:59:48', 'offline', 0, 'Connect failed: Connection timed out'),
(91, 20, '2026-06-20 23:59:48', 'online', 269, NULL),
(92, 24, '2026-06-20 23:59:53', 'offline', 0, 'Connect failed: Connection timed out'),
(93, 21, '2026-06-20 23:59:53', 'offline', 0, 'Connect failed: Connection timed out'),
(94, 22, '2026-06-21 00:00:01', 'offline', 0, 'Поток пуст или слишком короткий'),
(95, 23, '2026-06-21 00:00:02', 'online', 1174, NULL),
(96, 24, '2026-06-21 00:00:07', 'offline', 0, 'Connect failed: Connection timed out'),
(97, 1, '2026-06-21 00:10:41', 'offline', 0, 'Connect failed: Connection timed out'),
(98, 2, '2026-06-21 00:10:42', 'online', 945, NULL),
(99, 3, '2026-06-21 00:10:47', 'offline', 0, 'Connect failed: Connection timed out'),
(100, 4, '2026-06-21 00:10:47', 'offline', 0, 'Connect failed: Connection refused'),
(101, 5, '2026-06-21 00:10:52', 'offline', 0, 'Connect failed: Connection timed out'),
(102, 6, '2026-06-21 00:10:57', 'offline', 0, 'Connect failed: Connection timed out'),
(103, 7, '2026-06-21 00:11:02', 'offline', 0, 'Connect failed: Connection timed out'),
(104, 8, '2026-06-21 00:11:07', 'offline', 0, 'Connect failed: Connection timed out'),
(105, 9, '2026-06-21 00:11:07', 'offline', 0, 'Connect failed: php_network_getaddresses: getaddrinfo for ugt.ddns.net failed: No address associated with hostname'),
(106, 10, '2026-06-21 00:11:07', 'offline', 0, 'Connect failed: Connection refused'),
(107, 11, '2026-06-21 00:11:07', 'offline', 114, 'Mountpoint недоступен или нужна авторизация'),
(108, 12, '2026-06-21 00:11:12', 'offline', 0, 'Connect failed: Connection timed out'),
(109, 13, '2026-06-21 00:11:12', 'offline', 1460, 'Mountpoint недоступен или нужна авторизация'),
(110, 14, '2026-06-21 00:11:17', 'offline', 0, 'Connect failed: Connection timed out'),
(111, 15, '2026-06-21 00:11:18', 'online', 400, NULL),
(112, 16, '2026-06-21 00:11:23', 'offline', 0, 'Connect failed: Connection timed out'),
(113, 17, '2026-06-21 00:11:28', 'offline', 0, 'Connect failed: Connection timed out'),
(114, 18, '2026-06-21 00:11:33', 'offline', 0, 'Connect failed: Connection timed out'),
(115, 19, '2026-06-21 00:11:38', 'offline', 0, 'Connect failed: Connection timed out'),
(116, 20, '2026-06-21 00:11:38', 'online', 269, NULL),
(117, 21, '2026-06-21 00:11:43', 'offline', 0, 'Connect failed: Connection timed out'),
(118, 22, '2026-06-21 00:11:51', 'offline', 0, 'Поток пуст или слишком короткий'),
(119, 23, '2026-06-21 00:11:52', 'online', 512, NULL),
(120, 24, '2026-06-21 00:11:57', 'offline', 0, 'Connect failed: Connection timed out');

-- ---------------------------------------------------------------------------
-- Синхронизация сиквенсов (id вставлены явно, без autoincrement)
-- ---------------------------------------------------------------------------
SELECT setval(pg_get_serial_sequence('admins', 'id'), (SELECT COALESCE(MAX(id), 1) FROM admins));
SELECT setval(pg_get_serial_sequence('admin_invites', 'id'), (SELECT COALESCE(MAX(id), 1) FROM admin_invites));
SELECT setval(pg_get_serial_sequence('pg_connections', 'id'), (SELECT COALESCE(MAX(id), 1) FROM pg_connections));
SELECT setval(pg_get_serial_sequence('subscriptions', 'id'), (SELECT COALESCE(MAX(id), 1) FROM subscriptions));
SELECT setval(pg_get_serial_sequence('tours', 'id'), (SELECT COALESCE(MAX(id), 1) FROM tours));
SELECT setval(pg_get_serial_sequence('stations', 'id'), (SELECT COALESCE(MAX(id), 1) FROM stations));
SELECT setval(pg_get_serial_sequence('station_log', 'id'), (SELECT COALESCE(MAX(id), 1) FROM station_log));

COMMIT;
